Workbook

Sheet Summary
A1: Tripzy — automated test run
A3: Run started | B3: 18-10-2026 23:08:33
A4: Executed by | B4: Automated (pytest)
A5: Command | B5: python scripts/export_test_results.py
A6: pytest summary | B6: 147 passed in 22.85s
A9: Area | B9: Total | C9: Pass | D9: Fail | E9: Skipped | F9: Pass rate | G9: Duration (s)
A10: Browser end-to-end | B10: =COUNTIF('All tests'!$B$2:$B$148,A10) -> 6 | C10: =COUNTIFS('All tests'!$B$2:$B$148,A10,'All tests'!$E$2:$E$148,"Pass") -> 6 | D10: =COUNTIFS('All tests'!$B$2:$B$148,A10,'All tests'!$E$2:$E$148,"Fail") -> 0 | E10: =COUNTIFS('All tests'!$B$2:$B$148,A10,'All tests'!$E$2:$E$148,"Skipped") -> 0 | F10: =IF(B10=0,0,C10/B10) -> 1 | G10: =SUMIF('All tests'!$B$2:$B$148,A10,'All tests'!$F$2:$F$148) -> 5.411
A11: Acceptance (PBL 7) | B11: =COUNTIF('All tests'!$B$2:$B$148,A11) -> 12 | C11: =COUNTIFS('All tests'!$B$2:$B$148,A11,'All tests'!$E$2:$E$148,"Pass") -> 12 | D11: =COUNTIFS('All tests'!$B$2:$B$148,A11,'All tests'!$E$2:$E$148,"Fail") -> 0 | E11: =COUNTIFS('All tests'!$B$2:$B$148,A11,'All tests'!$E$2:$E$148,"Skipped") -> 0 | F11: =IF(B11=0,0,C11/B11) -> 1 | G11: =SUMIF('All tests'!$B$2:$B$148,A11,'All tests'!$F$2:$F$148) -> 2.648
A12: Authentication | B12: =COUNTIF('All tests'!$B$2:$B$148,A12) -> 11 | C12: =COUNTIFS('All tests'!$B$2:$B$148,A12,'All tests'!$E$2:$E$148,"Pass") -> 11 | D12: =COUNTIFS('All tests'!$B$2:$B$148,A12,'All tests'!$E$2:$E$148,"Fail") -> 0 | E12: =COUNTIFS('All tests'!$B$2:$B$148,A12,'All tests'!$E$2:$E$148,"Skipped") -> 0 | F12: =IF(B12=0,0,C12/B12) -> 1 | G12: =SUMIF('All tests'!$B$2:$B$148,A12,'All tests'!$F$2:$F$148) -> 1.713
A13: Budget / expenses | B13: =COUNTIF('All tests'!$B$2:$B$148,A13) -> 78 | C13: =COUNTIFS('All tests'!$B$2:$B$148,A13,'All tests'!$E$2:$E$148,"Pass") -> 78 | D13: =COUNTIFS('All tests'!$B$2:$B$148,A13,'All tests'!$E$2:$E$148,"Fail") -> 0 | E13: =COUNTIFS('All tests'!$B$2:$B$148,A13,'All tests'!$E$2:$E$148,"Skipped") -> 0 | F13: =IF(B13=0,0,C13/B13) -> 1 | G13: =SUMIF('All tests'!$B$2:$B$148,A13,'All tests'!$F$2:$F$148) -> 6.626
A14: Friend groups | B14: =COUNTIF('All tests'!$B$2:$B$148,A14) -> 6 | C14: =COUNTIFS('All tests'!$B$2:$B$148,A14,'All tests'!$E$2:$E$148,"Pass") -> 6 | D14: =COUNTIFS('All tests'!$B$2:$B$148,A14,'All tests'!$E$2:$E$148,"Fail") -> 0 | E14: =COUNTIFS('All tests'!$B$2:$B$148,A14,'All tests'!$E$2:$E$148,"Skipped") -> 0 | F14: =IF(B14=0,0,C14/B14) -> 1 | G14: =SUMIF('All tests'!$B$2:$B$148,A14,'All tests'!$F$2:$F$148) -> 0.982
A15: Friends | B15: =COUNTIF('All tests'!$B$2:$B$148,A15) -> 9 | C15: =COUNTIFS('All tests'!$B$2:$B$148,A15,'All tests'!$E$2:$E$148,"Pass") -> 9 | D15: =COUNTIFS('All tests'!$B$2:$B$148,A15,'All tests'!$E$2:$E$148,"Fail") -> 0 | E15: =COUNTIFS('All tests'!$B$2:$B$148,A15,'All tests'!$E$2:$E$148,"Skipped") -> 0 | F15: =IF(B15=0,0,C15/B15) -> 1 | G15: =SUMIF('All tests'!$B$2:$B$148,A15,'All tests'!$F$2:$F$148) -> 1.555
A16: Locations | B16: =COUNTIF('All tests'!$B$2:$B$148,A16) -> 12 | C16: =COUNTIFS('All tests'!$B$2:$B$148,A16,'All tests'!$E$2:$E$148,"Pass") -> 12 | D16: =COUNTIFS('All tests'!$B$2:$B$148,A16,'All tests'!$E$2:$E$148,"Fail") -> 0 | E16: =COUNTIFS('All tests'!$B$2:$B$148,A16,'All tests'!$E$2:$E$148,"Skipped") -> 0 | F16: =IF(B16=0,0,C16/B16) -> 1 | G16: =SUMIF('All tests'!$B$2:$B$148,A16,'All tests'!$F$2:$F$148) -> 1.38
A17: Trips | B17: =COUNTIF('All tests'!$B$2:$B$148,A17) -> 13 | C17: =COUNTIFS('All tests'!$B$2:$B$148,A17,'All tests'!$E$2:$E$148,"Pass") -> 13 | D17: =COUNTIFS('All tests'!$B$2:$B$148,A17,'All tests'!$E$2:$E$148,"Fail") -> 0 | E17: =COUNTIFS('All tests'!$B$2:$B$148,A17,'All tests'!$E$2:$E$148,"Skipped") -> 0 | F17: =IF(B17=0,0,C17/B17) -> 1 | G17: =SUMIF('All tests'!$B$2:$B$148,A17,'All tests'!$F$2:$F$148) -> 2.3
A18: Total | B18: =SUM(B10:B17) -> 147 | C18: =SUM(C10:C17) -> 147 | D18: =SUM(D10:D17) -> 0 | E18: =SUM(E10:E17) -> 0 | F18: =IF(B18=0,0,C18/B18) -> 1 | G18: =SUM(G10:G17) -> 22.615
A20: Acceptance cases (PBL 7)
A21: Passed | B21: =COUNTIF('Acceptance (PBL 7)'!$G$2:$G$15,"Pass") -> 14
A22: Failed | B22: =COUNTIF('Acceptance (PBL 7)'!$G$2:$G$15,"Fail") -> 0
A23: Not run | B23: =COUNTIF('Acceptance (PBL 7)'!$G$2:$G$15,"Not run") -> 0

Sheet Acceptance (PBL 7)
A1: Test ID | B1: Module | C1: Test Scenario | D1: Test Steps / Input | E1: Expected Result | F1: Actual Result | G1: Status | H1: Executed Time | I1: Executed By | J1: Executed Date | K1: Automated Test
A2: BS-01 | B2: Budget Splitter | C2: Add expense with valid amount, payer and participant | D2: Open trip → Budget Splitter → Add Expense → enter amount → choose payer and participant(s) → choose split option → save | E2: Expense is added successfully | F2: Expense of ₹900.00 saved (HTTP 201) with the chosen payer; shares sum to the total; expense appears in the list. | G2: Pass | H2: 23:08:33 | I2: Automated (pytest) | J2: 18-10-2026 | K2: tests/test_acceptance_cases.py::test_add_expense_valid
A3: BS-02 | B3: Budget Splitter | C3: Add a negative expense | D3: Enter a negative amount and attempt to save | E3: Error message: "Enter a valid amount" | F3: Save rejected (HTTP 422) with message "Enter a valid amount"; no expense was created. | G3: Pass | H3: 23:08:33 | I3: Automated (pytest) | J3: 18-10-2026 | K3: tests/test_acceptance_cases.py::test_negative_expense_rejected
A4: BS-03 | B4: Budget Splitter | C4: Split equally among all members | D4: Add expense, select all trip members, choose equal split, save | E4: Expense is split among all selected members | F4: ₹900.00 split into ₹300.00 for each of the 3 members. | G4: Pass | H4: 23:08:33 | I4: Automated (pytest) | J4: 18-10-2026 | K4: tests/test_acceptance_cases.py::test_equal_split_all_members
A5: BS-04 | B5: Budget Splitter | C5: Split among selected members | D5: Add expense and select only required participants | E5: Only selected participants receive shares | F5: ₹600.00 split ₹300.00 each between the 2 selected members; the unselected member has no share and a zero balance. | G5: Pass | H5: 23:08:33 | I5: Automated (pytest) | J5: 18-10-2026 | K5: tests/test_acceptance_cases.py::test_split_selected_members_only
A6: BS-05 | B6: Budget Splitter | C6: Customise shares | D6: Enter details, payer and participants; set custom shares; verify total; save | E6: Expense is added and shares/amounts update correctly | F6: ₹500.00 saved with custom shares ₹100 / ₹250 / ₹150; net balances updated to +₹400 / −₹250 / −₹150. | G6: Pass | H6: 23:08:33 | I6: Automated (pytest) | J6: 18-10-2026 | K6: tests/test_acceptance_cases.py::test_custom_split_reconciles_total
A7: BS-06 | B7: Budget Splitter | C7: Delete an expense | D7: Locate expense → Delete → confirm if prompted | E7: Expense is deleted and balances update | F7: Expense and its shares removed from the database; balances recalculated from the remaining expense. | G7: Pass | H7: 23:08:33 | I7: Automated (pytest) | J7: 18-10-2026 | K7: tests/test_acceptance_cases.py::test_delete_expense_updates_balances
A8: TM-01 | B8: Trip Management | C8: Create trip | D8: Open Trip Management → Create Trip → enter name, destination/details and optional dates → save | E8: New trip is created successfully | F8: Trip “Goa Weekend” created (HTTP 201) with destination and dates, and listed under the user's trips. | G8: Pass | H8: 23:08:33 | I8: Automated (pytest) | J8: 18-10-2026 | K8: tests/test_acceptance_cases.py::test_create_trip
A9: TM-02 | B9: Trip Management | C9: Add members | D9: Open trip → Members → Add Member → select user → confirm | E9: Selected member is added | F9: User added as a trip member (HTTP 201) and can now open the trip. | G9: Pass | H9: 23:08:33 | I9: Automated (pytest) | J9: 18-10-2026 | K9: tests/test_acceptance_cases.py::test_owner_adds_trip_member
A10: TM-03 | B10: Trip Management | C10: Remove member | D10: Open trip → Members → select member → Remove Member → confirm | E10: Selected member is removed | F10: Selected member removed (HTTP 204); other members unaffected. | G10: Pass | H10: 23:08:33 | I10: Automated (pytest) | J10: 18-10-2026 | K10: tests/test_acceptance_cases.py::test_owner_removes_trip_member
A11: TM-04 | B11: Trip Management | C11: Delete trip | D11: Open trip settings → Delete Trip → confirm | E11: Selected trip and dependent data are deleted | F11: Trip, its members, expenses, shares and saved locations deleted; another trip's data untouched. | G11: Pass | H11: 23:08:33 | I11: Automated (pytest) | J11: 18-10-2026 | K11: tests/test_acceptance_cases.py::test_delete_trip_cascades_data
A12: LS-01 | B12: Location Suggestion | C12: Add location | D12: Open trip → Locations → Add Location → search/select a place → Save | E12: Location is saved to the trip | F12: Selected place saved (HTTP 201) and visible to other trip members. | G12: Pass | H12: 23:08:33 | I12: Automated (pytest) | J12: 18-10-2026 | K12: tests/test_acceptance_cases.py::test_save_location_to_trip
... A15: LS-04 | B15: Location Suggestion | C15: Location permission denied | D15: Trigger location access and deny the browser prompt | E15: Permission-denied message is shown | F15: Browser test (Chromium): “Location permission denied. You can still search using your trip destination.” shown; no second prompt; destination search still works. | G15: Pass | H15: 23:08:33 | I15: Automated (pytest) | J15: 18-10-2026 | K15: tests/e2e/test_browser.py::test_geolocation_denied_shows_message[chromium]
A17: Executed Time / Date = when this automated run started. Executed By = value passed with --tester. Actual Result describes what the automated test verified; it is shown only when the test passed. pytest summary: 147 passed in 22.85s

Sheet All tests
A1: # | B1: Area | C1: Test file | D1: Test name | E1: Status | F1: Duration (s) | G1: Failure / skip message
A2: 1 | B2: Browser end-to-end | C2: tests/e2e/test_browser.py | D2: test_auth_validation_messages[chromium] | E2: Pass | F2: 1.141
A3: 2 | B3: Browser end-to-end | C3: tests/e2e/test_browser.py | D3: test_trip_members_budget_and_locations_flow[chromium] | E3: Pass | F3: 1.707
A4: 3 | B4: Browser end-to-end | C4: tests/e2e/test_browser.py | D4: test_friends_and_groups_flow[chromium] | E4: Pass | F4: 0.889
A5: 4 | B5: Browser end-to-end | C5: tests/e2e/test_browser.py | D5: test_geolocation_granted_uses_location[chromium] | E5: Pass | F5: 0.537
A6: 5 | B6: Browser end-to-end | C6: tests/e2e/test_browser.py | D6: test_geolocation_denied_shows_message[chromium] | E6: Pass | F6: 0.696
A7: 6 | B7: Browser end-to-end | C7: tests/e2e/test_browser.py | D7: test_geolocation_unsupported[chromium] | E7: Pass | F7: 0.441
A8: 7 | B8: Acceptance (PBL 7) | C8: tests/test_acceptance_cases.py | D8: test_add_expense_valid | E8: Pass | F8: 0.287
A9: 8 | B9: Acceptance (PBL 7) | C9: tests/test_acceptance_cases.py | D9: test_negative_expense_rejected | E9: Pass | F9: 0.251
A10: 9 | B10: Acceptance (PBL 7) | C10: tests/test_acceptance_cases.py | D10: test_equal_split_all_members | E10: Pass | F10: 0.252
A11: 10 | B11: Acceptance (PBL 7) | C11: tests/test_acceptance_cases.py | D11: test_split_selected_members_only | E11: Pass | F11: 0.246
A12: 11 | B12: Acceptance (PBL 7) | C12: tests/test_acceptance_cases.py | D12: test_custom_split_reconciles_total | E12: Pass | F12: 0.243
A13: 12 | B13: Acceptance (PBL 7) | C13: tests/test_acceptance_cases.py | D13: test_delete_expense_updates_balances | E13: Pass | F13: 0.274
... A148: 147 | B148: Trips | C148: tests/test_trips.py | D148: test_removed_member_loses_access | E148: Pass | F148: 0.381
